index,filename,sections,dll,date
0,RTC_7F85D7F628CE62D1D8F7B39D8940472,"[['IMAGE_SECTION_HEADER', '0x1000', '0x1ef000', 0], ['IMAGE_SECTION_HEADER', '0x1f0000', '0x3000', 11776], ['IMAGE_SECTION_HEADER', '0x1f3000', '0x1000', 1536]]","[{'name': b'KERNEL32.DLL', 'functions': ['LoadLibraryA', 'ExitProcess', 'GetProcAddress', 'VirtualProtect']}, {'name': b'MSVCRT.dll', 'functions': ['_iob']}, {'name': b'SHELL32.dll', 'functions': ['ShellExecuteA']}, {'name': b'WININET.dll', 'functions': ['InternetOpenA']}, {'name': b'WS2_32.dll', 'functions': ['inet_ntoa']}]",Mon May 30 08:29:29 2011 UTC
1,FGJKJJ1_2BA0D0083976A5C1E3315413CDCFFCD2,"[['IMAGE_SECTION_HEADER', '0x1000', '0x5000', 0], ['IMAGE_SECTION_HEADER', '0x6000', '0x1000', 4096], ['IMAGE_SECTION_HEADER', '0x7000', '0x1000', 512]]","[{'name': b'KERNEL32.DLL', 'functions': ['LoadLibraryA', 'ExitProcess', 'GetProcAddress', 'VirtualProtect']}, {'name': b'MSVCRT.dll', 'functions': ['atol']}, {'name': b'SHELL32.dll', 'functions': ['SHChangeNotify']}, {'name': b'USER32.dll', 'functions': ['LoadStringA']}, {'name': b'WS2_32.dll', 'functions': ['closesocket']}]",Thu May 14 17:12:40 2009 UTC
2,1F2EB7B090018D975E6D9B40868C94CA,"[['IMAGE_SECTION_HEADER', '0x1000', '0x5000', 0], ['IMAGE_SECTION_HEADER', '0x6000', '0x1000', 3584], ['IMAGE_SECTION_HEADER', '0x7000', '0x1000', 512]]","[{'name': b'KERNEL32.DLL', 'functions': ['LoadLibraryA', 'ExitProcess', 'GetProcAddress', 'VirtualProtect']}, {'name': b'MSVCRT.dll', 'functions': ['atol']}, {'name': b'USER32.dll', 'functions': ['LoadStringA']}, {'name': b'WS2_32.dll', 'functions': ['send']}]",Fri Jan 15 17:20:56 2010 UTC
3,65018CD542145A3792BA09985734C12A,"[['IMAGE_SECTION_HEADER', '0x1000', '0x5000', 0], ['IMAGE_SECTION_HEADER', '0x6000', '0x1000', 4096], ['IMAGE_SECTION_HEADER', '0x7000', '0x1000', 512]]","[{'name': b'KERNEL32.DLL', 'functions': ['LoadLibraryA', 'ExitProcess', 'GetProcAddress', 'VirtualProtect']}, {'name': b'MSVCRT.dll', 'functions': ['atol']}, {'name': b'SHELL32.dll', 'functions': ['SHChangeNotify']}, {'name': b'USER32.dll', 'functions': ['LoadStringA']}, {'name': b'WS2_32.dll', 'functions': ['closesocket']}]",Sun Nov 18 23:50:13 2007 UTC
4,FHHH6576C196385407B0F7F4B1B537D88983,"[['IMAGE_SECTION_HEADER', '0x1000', '0x5000', 0], ['IMAGE_SECTION_HEADER', '0x6000', '0x1000', 4096], ['IMAGE_SECTION_HEADER', '0x7000', '0x1000', 512]]","[{'name': b'KERNEL32.DLL', 'functions': ['LoadLibraryA', 'ExitProcess', 'GetProcAddress', 'VirtualProtect']}, {'name': b'MSVCRT.dll', 'functions': ['atol']}, {'name': b'SHELL32.dll', 'functions': ['SHChangeNotify']}, {'name': b'USER32.dll', 'functions': ['LoadStringA']}, {'name': b'WS2_32.dll', 'functions': ['closesocket']}]",Thu May 14 17:12:40 2009 UTC
5,33DE5067A433A6EC5C328067DC18EC37,"[['IMAGE_SECTION_HEADER', '0x1000', '0x5000', 0], ['IMAGE_SECTION_HEADER', '0x6000', '0x1000', 4096], ['IMAGE_SECTION_HEADER', '0x7000', '0x1000', 512]]","[{'name': b'KERNEL32.DLL', 'functions': ['LoadLibraryA', 'ExitProcess', 'GetProcAddress', 'VirtualProtect']}, {'name': b'MSVCRT.dll', 'functions': ['atol']}, {'name': b'SHELL32.dll', 'functions': ['SHChangeNotify']}, {'name': b'USER32.dll', 'functions': ['LoadStringA']}, {'name': b'WS2_32.dll', 'functions': ['closesocket']}]",Sun Nov 18 23:50:13 2007 UTC
6,FTTR9EA3C16194CE354C244C1B74C46CD92E,"[['IMAGE_SECTION_HEADER', '0x1000', '0x5000', 0], ['IMAGE_SECTION_HEADER', '0x6000', '0x1000', 3584], ['IMAGE_SECTION_HEADER', '0x7000', '0x1000', 512]]","[{'name': b'KERNEL32.DLL', 'functions': ['LoadLibraryA', 'ExitProcess', 'GetProcAddress', 'VirtualProtect']}, {'name': b'MSVCRT.dll', 'functions': ['atol']}, {'name': b'USER32.dll', 'functions': ['LoadStringA']}, {'name': b'WS2_32.dll', 'functions': ['send']}]",Fri Jan 15 17:20:56 2010 UTC
7,VBMM9_149B7BD7218AAB4E257D28469FDDB0D,"[['IMAGE_SECTION_HEADER', '0x1000', '0x1ef000', 0], ['IMAGE_SECTION_HEADER', '0x1f0000', '0x3000', 11776], ['IMAGE_SECTION_HEADER', '0x1f3000', '0x1000', 1536]]","[{'name': b'KERNEL32.DLL', 'functions': ['LoadLibraryA', 'ExitProcess', 'GetProcAddress', 'VirtualProtect']}, {'name': b'MSVCRT.dll', 'functions': ['_iob']}, {'name': b'SHELL32.dll', 'functions': ['ShellExecuteA']}, {'name': b'WININET.dll', 'functions': ['InternetOpenA']}, {'name': b'WS2_32.dll', 'functions': ['inet_ntoa']}]",Mon May 30 08:29:29 2011 UTC
8,F8437E44748D2C3FCF84019766F4E6DC,"[['IMAGE_SECTION_HEADER', '0x1000', '0x5000', 0], ['IMAGE_SECTION_HEADER', '0x6000', '0x1000', 4096], ['IMAGE_SECTION_HEADER', '0x7000', '0x1000', 512]]","[{'name': b'KERNEL32.DLL', 'functions': ['LoadLibraryA', 'ExitProcess', 'GetProcAddress', 'VirtualProtect']}, {'name': b'MSVCRT.dll', 'functions': ['atol']}, {'name': b'SHELL32.dll', 'functions': ['SHChangeNotify']}, {'name': b'USER32.dll', 'functions': ['LoadStringA']}, {'name': b'WS2_32.dll', 'functions': ['closesocket']}]",Thu May 14 17:12:40 2009 UTC
9,B07322743778B5868475DBE66EEDAC4F,"[['IMAGE_SECTION_HEADER', '0x1000', '0x5000', 0], ['IMAGE_SECTION_HEADER', '0x6000', '0x1000', 3584], ['IMAGE_SECTION_HEADER', '0x7000', '0x1000', 512]]","[{'name': b'KERNEL32.DLL', 'functions': ['LoadLibraryA', 'ExitProcess', 'GetProcAddress', 'VirtualProtect']}, {'name': b'MSVCRT.dll', 'functions': ['atol']}, {'name': b'USER32.dll', 'functions': ['LoadStringA']}, {'name': b'WS2_32.dll', 'functions': ['send']}]",Fri Jan 15 17:20:56 2010 UTC
10,FGTR43_EF8E0FB20E7228C7492CCDC59D87C690,"[['IMAGE_SECTION_HEADER', '0x1000', '0x5f000', 0], ['IMAGE_SECTION_HEADER', '0x60000', '0x48000', 292352], ['IMAGE_SECTION_HEADER', '0xa8000', '0x1000', 2048]]","[{'name': b'ADVAPI32.dll', 'functions': ['RegSaveKeyA']}, {'name': b'GDI32.dll', 'functions': ['BitBlt']}, {'name': b'KERNEL32.DLL', 'functions': ['LoadLibraryA', 'GetProcAddress', 'VirtualProtect']}, {'name': b'MSVCRT.dll', 'functions': ['_iob']}, {'name': b'NETAPI32.dll', 'functions': ['Netbios']}, {'name': b'PSAPI.DLL', 'functions': ['EnumProcessModules']}, {'name': b'USER32.dll', 'functions': ['GetDC']}, {'name': b'WS2_32.dll', 'functions': ['WSASetLastError']}]",Tue Feb  9 08:29:43 2010 UTC
11,TG78Z__727A6800991EEAD454E53E8AF164A99C,"[['IMAGE_SECTION_HEADER', '0x1000', '0x68000', 0], ['IMAGE_SECTION_HEADER', '0x69000', '0x55000', 346112], ['IMAGE_SECTION_HEADER', '0xbe000', '0x1000', 1024]]","[{'name': b'ADVAPI32.dll', 'functions': ['RegSaveKeyA']}, {'name': b'GDI32.dll', 'functions': ['BitBlt']}, {'name': b'KERNEL32.DLL', 'functions': ['LoadLibraryA', 'ExitProcess', 'GetProcAddress', 'VirtualProtect']}, {'name': b'MSVCRT.dll', 'functions': ['exit']}, {'name': b'NETAPI32.dll', 'functions': ['Netbios']}, {'name': b'ntdll.dll', 'functions': ['atoi']}, {'name': b'PSAPI.DLL', 'functions': ['EnumProcessModules']}, {'name': b'USER32.dll', 'functions': ['GetDC']}, {'name': b'WS2_32.dll', 'functions': ['WSAGetLastError']}]",Tue Jan 11 03:22:02 2011 UTC
12,POL55_A4F1ECC4D25B33395196B5D51A06790,"[['IMAGE_SECTION_HEADER', '0x1000', '0x25da', 9728], ['IMAGE_SECTION_HEADER', '0x4000', '0xa24', 3072], ['IMAGE_SECTION_HEADER', '0x5000', '0x3d2468', 1536]]","[{'name': b'KERNEL32.dll', 'functions': ['CreateFileA', 'LocalAlloc', 'Sleep', 'CreateThread', 'CreateMutexA', 'CopyFileW', 'GetFileSize', 'CreateProcessA', 'GetEnvironmentVariableW', 'GetShortPathNameW', 'GetStartupInfoA', 'GetModuleHandleA', 'ReadFile', 'LocalFree', 'GetLastError', 'GetModuleFileNameW', 'CloseHandle']}, {'name': b'USER32.dll', 'functions': ['SendMessageA', 'FindWindowExA']}, {'name': b'ADVAPI32.dll', 'functions': ['RegQueryValueExA', 'RegCloseKey', 'RegSetValueExW', 'RegOpenKeyExA']}, {'name': b'SHELL32.dll', 'functions': ['SHGetSpecialFolderPathW', 'ShellExecuteW']}, {'name': b'MSVCRT.dll', 'functions': ['_controlfp', '_except_handler3', '__set_app_type', 'memset', '__CxxFrameHandler', 'strlen', 'sprintf', 'memcpy', 'strcpy', 'strcat', '_mbsnbcpy', '_mbsnbcmp', 'atol', '_mbscmp', 'atoi', 'fclose', 'fwrite', 'fopen', 'strstr', 'wcslen', 'wcstombs', 'setlocale', 'wcscmp', 'wcscat', 'mbstowcs', 'wcsrchr', 'wcscpy', 'getenv', 'strcmp', 'time', 'free', '__dllonexit', '_onexit', '_exit', '_XcptFilter', 'exit', '_acmdln', '__getmainargs', '_initterm', '__setusermatherr', '_adjust_fdiv', '__p__commode', '__p__fmode', '_strnicmp']}, {'name': b'WININET.dll', 'functions': ['HttpAddRequestHeadersA', 'HttpOpenRequestA', 'HttpEndRequestA', 'InternetWriteFile', 'HttpSendRequestA', 'InternetReadFile', 'HttpQueryInfoA', 'InternetAttemptConnect', 'InternetCloseHandle', 'InternetConnectA', 'InternetOpenA', 'HttpSendRequestExA']}, {'name': b'WS2_32.dll', 'functions': ['gethostbyname', 'inet_ntoa', 'WSAStartup', 'gethostname']}]",Fri Jul 29 07:10:31 2011 UTC
13,VC990_468FF2C12CFFC7E5B2FE0EE6BB3B239E,"[['IMAGE_SECTION_HEADER', '0x1000', '0x68000', 0], ['IMAGE_SECTION_HEADER', '0x69000', '0x55000', 346112], ['IMAGE_SECTION_HEADER', '0xbe000', '0x1000', 1024]]","[{'name': b'ADVAPI32.dll', 'functions': ['RegSaveKeyA']}, {'name': b'GDI32.dll', 'functions': ['BitBlt']}, {'name': b'KERNEL32.DLL', 'functions': ['LoadLibraryA', 'ExitProcess', 'GetProcAddress', 'VirtualProtect']}, {'name': b'MSVCRT.dll', 'functions': ['exit']}, {'name': b'NETAPI32.dll', 'functions': ['Netbios']}, {'name': b'ntdll.dll', 'functions': ['atoi']}, {'name': b'PSAPI.DLL', 'functions': ['EnumProcessModules']}, {'name': b'USER32.dll', 'functions': ['GetDC']}, {'name': b'WS2_32.dll', 'functions': ['WSAGetLastError']}]",Tue Jan 11 03:22:02 2011 UTC
14,K99_C3A9A7B026BFE0E55FF219FD6AA7D94,"[['IMAGE_SECTION_HEADER', '0x1000', '0x25ca', 9728], ['IMAGE_SECTION_HEADER', '0x4000', '0xa24', 3072], ['IMAGE_SECTION_HEADER', '0x5000', '0x3d2468', 1536]]","[{'name': b'KERNEL32.dll', 'functions': ['CreateFileA', 'LocalAlloc', 'Sleep', 'CreateThread', 'CreateMutexA', 'CopyFileW', 'GetFileSize', 'CreateProcessA', 'GetEnvironmentVariableW', 'GetShortPathNameW', 'GetStartupInfoA', 'GetModuleHandleA', 'ReadFile', 'LocalFree', 'GetLastError', 'GetModuleFileNameW', 'CloseHandle']}, {'name': b'USER32.dll', 'functions': ['SendMessageA', 'FindWindowExA']}, {'name': b'ADVAPI32.dll', 'functions': ['RegQueryValueExA', 'RegCloseKey', 'RegSetValueExW', 'RegOpenKeyExA']}, {'name': b'SHELL32.dll', 'functions': ['SHGetSpecialFolderPathW', 'ShellExecuteW']}, {'name': b'MSVCRT.dll', 'functions': ['_controlfp', '_except_handler3', '__set_app_type', 'memset', '__CxxFrameHandler', 'strlen', 'sprintf', 'memcpy', 'strcpy', 'strcat', '_mbsnbcpy', '_mbsnbcmp', 'atol', '_mbscmp', 'atoi', 'fclose', 'fwrite', 'fopen', 'strstr', 'wcslen', 'wcstombs', 'setlocale', 'wcscmp', 'wcscat', 'mbstowcs', 'wcsrchr', 'wcscpy', 'getenv', 'strcmp', 'time', 'free', '__dllonexit', '_onexit', '_exit', '_XcptFilter', 'exit', '_acmdln', '__getmainargs', '_initterm', '__setusermatherr', '_adjust_fdiv', '__p__commode', '__p__fmode', '_strnicmp']}, {'name': b'WININET.dll', 'functions': ['HttpAddRequestHeadersA', 'HttpOpenRequestA', 'HttpEndRequestA', 'InternetWriteFile', 'HttpSendRequestA', 'InternetReadFile', 'HttpQueryInfoA', 'InternetAttemptConnect', 'InternetCloseHandle', 'InternetConnectA', 'InternetOpenA', 'HttpSendRequestExA']}, {'name': b'WS2_32.dll', 'functions': ['gethostbyname', 'inet_ntoa', 'WSAStartup', 'gethostname']}]",Tue Sep 28 08:09:41 2010 UTC
15,EEE99EC8AA67B05407C01094184C33D2B5A44,"[['IMAGE_SECTION_HEADER', '0x1000', '0x5000', 0], ['IMAGE_SECTION_HEADER', '0x6000', '0x1000', 3584], ['IMAGE_SECTION_HEADER', '0x7000', '0x1000', 512]]","[{'name': b'KERNEL32.DLL', 'functions': ['LoadLibraryA', 'ExitProcess', 'GetProcAddress', 'VirtualProtect']}, {'name': b'MSVCRT.dll', 'functions': ['atol']}, {'name': b'USER32.dll', 'functions': ['LoadStringA']}, {'name': b'WS2_32.dll', 'functions': ['send']}]",Fri Jan 15 17:20:56 2010 UTC
16,650A6FCA433EE243391E4B4C11F09438,"[['IMAGE_SECTION_HEADER', '0x1000', '0x5000', 0], ['IMAGE_SECTION_HEADER', '0x6000', '0x1000', 4096], ['IMAGE_SECTION_HEADER', '0x7000', '0x1000', 512]]","[{'name': b'KERNEL32.DLL', 'functions': ['LoadLibraryA', 'ExitProcess', 'GetProcAddress', 'VirtualProtect']}, {'name': b'MSVCRT.dll', 'functions': ['atol']}, {'name': b'SHELL32.dll', 'functions': ['SHChangeNotify']}, {'name': b'USER32.dll', 'functions': ['LoadStringA']}, {'name': b'WS2_32.dll', 'functions': ['closesocket']}]",Thu May 14 17:12:40 2009 UTC
17,KLp90_6D5C8FC4B14559F73B6136D85B94198,"[['IMAGE_SECTION_HEADER', '0x1000', '0x25ca', 9728], ['IMAGE_SECTION_HEADER', '0x4000', '0xa24', 3072], ['IMAGE_SECTION_HEADER', '0x5000', '0x3d2468', 1536]]","[{'name': b'KERNEL32.dll', 'functions': ['CreateFileA', 'LocalAlloc', 'Sleep', 'CreateThread', 'CreateMutexA', 'CopyFileW', 'GetFileSize', 'CreateProcessA', 'GetEnvironmentVariableW', 'GetShortPathNameW', 'GetStartupInfoA', 'GetModuleHandleA', 'ReadFile', 'LocalFree', 'GetLastError', 'GetModuleFileNameW', 'CloseHandle']}, {'name': b'USER32.dll', 'functions': ['SendMessageA', 'FindWindowExA']}, {'name': b'ADVAPI32.dll', 'functions': ['RegQueryValueExA', 'RegCloseKey', 'RegSetValueExW', 'RegOpenKeyExA']}, {'name': b'SHELL32.dll', 'functions': ['SHGetSpecialFolderPathW', 'ShellExecuteW']}, {'name': b'MSVCRT.dll', 'functions': ['_controlfp', '_except_handler3', '__set_app_type', 'memset', '__CxxFrameHandler', 'strlen', 'sprintf', 'memcpy', 'strcpy', 'strcat', '_mbsnbcpy', '_mbsnbcmp', 'atol', '_mbscmp', 'atoi', 'fclose', 'fwrite', 'fopen', 'strstr', 'wcslen', 'wcstombs', 'setlocale', 'wcscmp', 'wcscat', 'mbstowcs', 'wcsrchr', 'wcscpy', 'getenv', 'strcmp', 'time', 'free', '__dllonexit', '_onexit', '_exit', '_XcptFilter', 'exit', '_acmdln', '__getmainargs', '_initterm', '__setusermatherr', '_adjust_fdiv', '__p__commode', '__p__fmode', '_strnicmp']}, {'name': b'WININET.dll', 'functions': ['HttpAddRequestHeadersA', 'HttpOpenRequestA', 'HttpEndRequestA', 'InternetWriteFile', 'HttpSendRequestA', 'InternetReadFile', 'HttpQueryInfoA', 'InternetAttemptConnect', 'InternetCloseHandle', 'InternetConnectA', 'InternetOpenA', 'HttpSendRequestExA']}, {'name': b'WS2_32.dll', 'functions': ['gethostbyname', 'inet_ntoa', 'WSAStartup', 'gethostname']}]",Tue Sep 28 08:09:41 2010 UTC
18,DS22_A670D13D4D014169C4080328B8FEB86,"[['IMAGE_SECTION_HEADER', '0x1000', '0x25ca', 9728], ['IMAGE_SECTION_HEADER', '0x4000', '0xa24', 3072], ['IMAGE_SECTION_HEADER', '0x5000', '0x3d2468', 1536]]","[{'name': b'KERNEL32.dll', 'functions': ['CreateFileA', 'LocalAlloc', 'Sleep', 'CreateThread', 'CreateMutexA', 'CopyFileW', 'GetFileSize', 'CreateProcessA', 'GetEnvironmentVariableW', 'GetShortPathNameW', 'GetStartupInfoA', 'GetModuleHandleA', 'ReadFile', 'LocalFree', 'GetLastError', 'GetModuleFileNameW', 'CloseHandle']}, {'name': b'USER32.dll', 'functions': ['SendMessageA', 'FindWindowExA']}, {'name': b'ADVAPI32.dll', 'functions': ['RegQueryValueExA', 'RegCloseKey', 'RegSetValueExW', 'RegOpenKeyExA']}, {'name': b'SHELL32.dll', 'functions': ['SHGetSpecialFolderPathW', 'ShellExecuteW']}, {'name': b'MSVCRT.dll', 'functions': ['_controlfp', '_except_handler3', '__set_app_type', 'memset', '__CxxFrameHandler', 'strlen', 'sprintf', 'memcpy', 'strcpy', 'strcat', '_mbsnbcpy', '_mbsnbcmp', 'atol', '_mbscmp', 'atoi', 'fclose', 'fwrite', 'fopen', 'strstr', 'wcslen', 'wcstombs', 'setlocale', 'wcscmp', 'wcscat', 'mbstowcs', 'wcsrchr', 'wcscpy', 'getenv', 'strcmp', 'time', 'free', '__dllonexit', '_onexit', '_exit', '_XcptFilter', 'exit', '_acmdln', '__getmainargs', '_initterm', '__setusermatherr', '_adjust_fdiv', '__p__commode', '__p__fmode', '_strnicmp']}, {'name': b'WININET.dll', 'functions': ['HttpAddRequestHeadersA', 'HttpOpenRequestA', 'HttpEndRequestA', 'InternetWriteFile', 'HttpSendRequestA', 'InternetReadFile', 'HttpQueryInfoA', 'InternetAttemptConnect', 'InternetCloseHandle', 'InternetConnectA', 'InternetOpenA', 'HttpSendRequestExA']}, {'name': b'WS2_32.dll', 'functions': ['gethostbyname', 'inet_ntoa', 'WSAStartup', 'gethostname']}]",Tue Sep 28 08:09:41 2010 UTC
19,785003A405BC7A4EBCBB21DDB757BF3F,"[['IMAGE_SECTION_HEADER', '0x1000', '0x5000', 0], ['IMAGE_SECTION_HEADER', '0x6000', '0x1000', 4096], ['IMAGE_SECTION_HEADER', '0x7000', '0x1000', 512]]","[{'name': b'KERNEL32.DLL', 'functions': ['LoadLibraryA', 'ExitProcess', 'GetProcAddress', 'VirtualProtect']}, {'name': b'MSVCRT.dll', 'functions': ['atol']}, {'name': b'SHELL32.dll', 'functions': ['SHChangeNotify']}, {'name': b'USER32.dll', 'functions': ['LoadStringA']}, {'name': b'WS2_32.dll', 'functions': ['closesocket']}]",Thu May 14 17:12:40 2009 UTC
20,AAAz2E1B6940985A23E5639450F8391820655,"[['IMAGE_SECTION_HEADER', '0x1000', '0x70000', 0], ['IMAGE_SECTION_HEADER', '0x71000', '0x54000', 342528], ['IMAGE_SECTION_HEADER', '0xc5000', '0x1000', 1024]]","[{'name': b'ADVAPI32.dll', 'functions': ['RegSaveKeyA']}, {'name': b'GDI32.dll', 'functions': ['BitBlt']}, {'name': b'KERNEL32.DLL', 'functions': ['LoadLibraryA', 'GetProcAddress', 'VirtualProtect']}, {'name': b'MSVCRT.dll', 'functions': ['free']}, {'name': b'NETAPI32.dll', 'functions': ['Netbios']}, {'name': b'ntdll.dll', 'functions': ['atoi']}, {'name': b'USER32.dll', 'functions': ['GetDC']}, {'name': b'WS2_32.dll', 'functions': ['WSAGetLastError']}]",Wed Oct 19 09:16:10 2011 UTC
21,JH78C0A33A1B472A8C16123FD696A5CE5EBB,"[['IMAGE_SECTION_HEADER', '0x1000', '0x5000', 0], ['IMAGE_SECTION_HEADER', '0x6000', '0x1000', 4096], ['IMAGE_SECTION_HEADER', '0x7000', '0x1000', 512]]","[{'name': b'KERNEL32.DLL', 'functions': ['LoadLibraryA', 'ExitProcess', 'GetProcAddress', 'VirtualProtect']}, {'name': b'MSVCRT.dll', 'functions': ['atol']}, {'name': b'SHELL32.dll', 'functions': ['SHChangeNotify']}, {'name': b'USER32.dll', 'functions': ['LoadStringA']}, {'name': b'WS2_32.dll', 'functions': ['closesocket']}]",Thu May 14 17:12:40 2009 UTC
22,JKK8CA6FE7A1315AF5AFEAC2961460A80569,"[['IMAGE_SECTION_HEADER', '0x1000', '0x5000', 0], ['IMAGE_SECTION_HEADER', '0x6000', '0x1000', 4096], ['IMAGE_SECTION_HEADER', '0x7000', '0x1000', 512]]","[{'name': b'KERNEL32.DLL', 'functions': ['LoadLibraryA', 'ExitProcess', 'GetProcAddress', 'VirtualProtect']}, {'name': b'MSVCRT.dll', 'functions': ['atol']}, {'name': b'SHELL32.dll', 'functions': ['SHChangeNotify']}, {'name': b'USER32.dll', 'functions': ['LoadStringA']}, {'name': b'WS2_32.dll', 'functions': ['closesocket']}]",Thu May 14 17:12:40 2009 UTC
23,L11_1415EB8519D13328091CC5C76A624E3D,"[['IMAGE_SECTION_HEADER', '0x1000', '0x1ef000', 0], ['IMAGE_SECTION_HEADER', '0x1f0000', '0x3000', 11776], ['IMAGE_SECTION_HEADER', '0x1f3000', '0x1000', 1536]]","[{'name': b'KERNEL32.DLL', 'functions': ['LoadLibraryA', 'ExitProcess', 'GetProcAddress', 'VirtualProtect']}, {'name': b'MSVCRT.dll', 'functions': ['_iob']}, {'name': b'SHELL32.dll', 'functions': ['ShellExecuteA']}, {'name': b'WININET.dll', 'functions': ['InternetOpenA']}, {'name': b'WS2_32.dll', 'functions': ['inet_ntoa']}]",Mon May 30 08:29:29 2011 UTC
24,6FAA4740F99408D4D2DDDD0B09BBDEFD,"[['IMAGE_SECTION_HEADER', '0x1000', '0x5000', 0], ['IMAGE_SECTION_HEADER', '0x6000', '0x1000', 4096], ['IMAGE_SECTION_HEADER', '0x7000', '0x1000', 512]]","[{'name': b'KERNEL32.DLL', 'functions': ['LoadLibraryA', 'ExitProcess', 'GetProcAddress', 'VirtualProtect']}, {'name': b'MSVCRT.dll', 'functions': ['atol']}, {'name': b'SHELL32.dll', 'functions': ['SHChangeNotify']}, {'name': b'USER32.dll', 'functions': ['LoadStringA']}, {'name': b'WS2_32.dll', 'functions': ['closesocket']}]",Thu May 14 17:12:40 2009 UTC
25,A316D5AECA269CA865077E7FFF356E7D,"[['IMAGE_SECTION_HEADER', '0x1000', '0x5000', 0], ['IMAGE_SECTION_HEADER', '0x6000', '0x1000', 4096], ['IMAGE_SECTION_HEADER', '0x7000', '0x1000', 512]]","[{'name': b'KERNEL32.DLL', 'functions': ['LoadLibraryA', 'ExitProcess', 'GetProcAddress', 'VirtualProtect']}, {'name': b'MSVCRT.dll', 'functions': ['atol']}, {'name': b'SHELL32.dll', 'functions': ['SHChangeNotify']}, {'name': b'USER32.dll', 'functions': ['LoadStringA']}, {'name': b'WS2_32.dll', 'functions': ['closesocket']}]",Thu May 14 17:12:40 2009 UTC
26,GBV66_8F259BB36E00D124963CFA9B86F502E,"[['IMAGE_SECTION_HEADER', '0x1000', '0x25da', 9728], ['IMAGE_SECTION_HEADER', '0x4000', '0xa24', 3072], ['IMAGE_SECTION_HEADER', '0x5000', '0x3d2488', 1536]]","[{'name': b'KERNEL32.dll', 'functions': ['CreateFileA', 'LocalAlloc', 'Sleep', 'CreateThread', 'CreateMutexA', 'CopyFileW', 'GetFileSize', 'CreateProcessA', 'GetEnvironmentVariableW', 'GetShortPathNameW', 'GetStartupInfoA', 'GetModuleHandleA', 'ReadFile', 'LocalFree', 'GetLastError', 'GetModuleFileNameW', 'CloseHandle']}, {'name': b'USER32.dll', 'functions': ['SendMessageA', 'FindWindowExA']}, {'name': b'ADVAPI32.dll', 'functions': ['RegQueryValueExA', 'RegCloseKey', 'RegSetValueExW', 'RegOpenKeyExA']}, {'name': b'SHELL32.dll', 'functions': ['SHGetSpecialFolderPathW', 'ShellExecuteW']}, {'name': b'MSVCRT.dll', 'functions': ['_controlfp', '_except_handler3', '__set_app_type', 'memset', '__CxxFrameHandler', 'strlen', 'sprintf', 'memcpy', 'strcpy', 'strcat', '_mbsnbcpy', '_mbsnbcmp', 'atol', '_mbscmp', 'atoi', 'fclose', 'fwrite', 'fopen', 'strstr', 'wcslen', 'wcstombs', 'setlocale', 'wcscmp', 'wcscat', 'mbstowcs', 'wcsrchr', 'wcscpy', 'getenv', 'strcmp', 'time', 'free', '__dllonexit', '_onexit', '_exit', '_XcptFilter', 'exit', '_acmdln', '__getmainargs', '_initterm', '__setusermatherr', '_adjust_fdiv', '__p__commode', '__p__fmode', '_strnicmp']}, {'name': b'WININET.dll', 'functions': ['HttpAddRequestHeadersA', 'HttpOpenRequestA', 'HttpEndRequestA', 'InternetWriteFile', 'HttpSendRequestA', 'InternetReadFile', 'HttpQueryInfoA', 'InternetAttemptConnect', 'InternetCloseHandle', 'InternetConnectA', 'InternetOpenA', 'HttpSendRequestExA']}, {'name': b'WS2_32.dll', 'functions': ['gethostbyname', 'inet_ntoa', 'WSAStartup', 'gethostname']}]",Thu Aug 11 13:15:49 2011 UTC
27,BVJ2D9FBF759F527AF373E34673DC3ACA462,"[['IMAGE_SECTION_HEADER', '0x1000', '0x5000', 0], ['IMAGE_SECTION_HEADER', '0x6000', '0x1000', 4096], ['IMAGE_SECTION_HEADER', '0x7000', '0x1000', 512]]","[{'name': b'KERNEL32.DLL', 'functions': ['LoadLibraryA', 'ExitProcess', 'GetProcAddress', 'VirtualProtect']}, {'name': b'MSVCRT.dll', 'functions': ['atol']}, {'name': b'SHELL32.dll', 'functions': ['SHChangeNotify']}, {'name': b'USER32.dll', 'functions': ['LoadStringA']}, {'name': b'WS2_32.dll', 'functions': ['closesocket']}]",Thu May 14 17:12:40 2009 UTC
28,QW2_4C6BDDCCA2695D6202DF38708E14FC7E,"[['IMAGE_SECTION_HEADER', '0x1000', '0x5f000', 0], ['IMAGE_SECTION_HEADER', '0x60000', '0x48000', 292352], ['IMAGE_SECTION_HEADER', '0xa8000', '0x1000', 2048]]","[{'name': b'ADVAPI32.dll', 'functions': ['RegSaveKeyA']}, {'name': b'GDI32.dll', 'functions': ['BitBlt']}, {'name': b'KERNEL32.DLL', 'functions': ['LoadLibraryA', 'GetProcAddress', 'VirtualProtect']}, {'name': b'MSVCRT.dll', 'functions': ['_iob']}, {'name': b'NETAPI32.dll', 'functions': ['Netbios']}, {'name': b'PSAPI.DLL', 'functions': ['EnumProcessModules']}, {'name': b'USER32.dll', 'functions': ['GetDC']}, {'name': b'WS2_32.dll', 'functions': ['WSASetLastError']}]",Wed Feb  3 08:22:33 2010 UTC
29,HJGQDD892986B2249B5214639ECC8AC0223,"[['IMAGE_SECTION_HEADER', '0x1000', '0x5000', 0], ['IMAGE_SECTION_HEADER', '0x6000', '0x1000', 4096], ['IMAGE_SECTION_HEADER', '0x7000', '0x1000', 512]]","[{'name': b'KERNEL32.DLL', 'functions': ['LoadLibraryA', 'ExitProcess', 'GetProcAddress', 'VirtualProtect']}, {'name': b'MSVCRT.dll', 'functions': ['atol']}, {'name': b'SHELL32.dll', 'functions': ['SHChangeNotify']}, {'name': b'USER32.dll', 'functions': ['LoadStringA']}, {'name': b'WS2_32.dll', 'functions': ['closesocket']}]",Thu May 14 17:12:40 2009 UTC
30,NBV_8B75BCBFF174C25A0161F30758509A44,"[['IMAGE_SECTION_HEADER', '0x1000', '0x5000', 0], ['IMAGE_SECTION_HEADER', '0x6000', '0x1000', 4096], ['IMAGE_SECTION_HEADER', '0x7000', '0x1000', 512]]","[{'name': b'KERNEL32.DLL', 'functions': ['LoadLibraryA', 'ExitProcess', 'GetProcAddress', 'VirtualProtect']}, {'name': b'MSVCRT.dll', 'functions': ['atol']}, {'name': b'SHELL32.dll', 'functions': ['SHChangeNotify']}, {'name': b'USER32.dll', 'functions': ['LoadStringA']}, {'name': b'WS2_32.dll', 'functions': ['closesocket']}]",Thu May 14 17:12:40 2009 UTC
31,F6655E39465C2FF5B016980D918EA028,"[['IMAGE_SECTION_HEADER', '0x1000', '0x5000', 0], ['IMAGE_SECTION_HEADER', '0x6000', '0x1000', 3584], ['IMAGE_SECTION_HEADER', '0x7000', '0x1000', 512]]","[{'name': b'KERNEL32.DLL', 'functions': ['LoadLibraryA', 'ExitProcess', 'GetProcAddress', 'VirtualProtect']}, {'name': b'MSVCRT.dll', 'functions': ['atol']}, {'name': b'USER32.dll', 'functions': ['LoadStringA']}, {'name': b'WS2_32.dll', 'functions': ['send']}]",Fri Jan 15 17:20:56 2010 UTC
32,SAM_B659D71AE168E774FAAF38DB30F4A84,"[['IMAGE_SECTION_HEADER', '0x1000', '0x25da', 9728], ['IMAGE_SECTION_HEADER', '0x4000', '0xa24', 3072], ['IMAGE_SECTION_HEADER', '0x5000', '0x3d2468', 1536]]","[{'name': b'KERNEL32.dll', 'functions': ['CreateFileA', 'LocalAlloc', 'Sleep', 'CreateThread', 'CreateMutexA', 'CopyFileW', 'GetFileSize', 'CreateProcessA', 'GetEnvironmentVariableW', 'GetShortPathNameW', 'GetStartupInfoA', 'GetModuleHandleA', 'ReadFile', 'LocalFree', 'GetLastError', 'GetModuleFileNameW', 'CloseHandle']}, {'name': b'USER32.dll', 'functions': ['SendMessageA', 'FindWindowExA']}, {'name': b'ADVAPI32.dll', 'functions': ['RegQueryValueExA', 'RegCloseKey', 'RegSetValueExW', 'RegOpenKeyExA']}, {'name': b'SHELL32.dll', 'functions': ['SHGetSpecialFolderPathW', 'ShellExecuteW']}, {'name': b'MSVCRT.dll', 'functions': ['_controlfp', '_except_handler3', '__set_app_type', 'memset', '__CxxFrameHandler', 'strlen', 'sprintf', 'memcpy', 'strcpy', 'strcat', '_mbsnbcpy', '_mbsnbcmp', 'atol', '_mbscmp', 'atoi', 'fclose', 'fwrite', 'fopen', 'strstr', 'wcslen', 'wcstombs', 'setlocale', 'wcscmp', 'wcscat', 'mbstowcs', 'wcsrchr', 'wcscpy', 'getenv', 'strcmp', 'time', 'free', '__dllonexit', '_onexit', '_exit', '_XcptFilter', 'exit', '_acmdln', '__getmainargs', '_initterm', '__setusermatherr', '_adjust_fdiv', '__p__commode', '__p__fmode', '_strnicmp']}, {'name': b'WININET.dll', 'functions': ['HttpAddRequestHeadersA', 'HttpOpenRequestA', 'HttpEndRequestA', 'InternetWriteFile', 'HttpSendRequestA', 'InternetReadFile', 'HttpQueryInfoA', 'InternetAttemptConnect', 'InternetCloseHandle', 'InternetConnectA', 'InternetOpenA', 'HttpSendRequestExA']}, {'name': b'WS2_32.dll', 'functions': ['gethostbyname', 'inet_ntoa', 'WSAStartup', 'gethostname']}]",Tue Aug  9 08:15:29 2011 UTC
33,NV99_C9C9DBF388A8D81D8CFB4D3FC05F8E4,"[['IMAGE_SECTION_HEADER', '0x1000', '0x25ca', 9728], ['IMAGE_SECTION_HEADER', '0x4000', '0xa24', 3072], ['IMAGE_SECTION_HEADER', '0x5000', '0x3d2468', 1536]]","[{'name': b'KERNEL32.dll', 'functions': ['CreateFileA', 'LocalAlloc', 'Sleep', 'CreateThread', 'CreateMutexA', 'CopyFileW', 'GetFileSize', 'CreateProcessA', 'GetEnvironmentVariableW', 'GetShortPathNameW', 'GetStartupInfoA', 'GetModuleHandleA', 'ReadFile', 'LocalFree', 'GetLastError', 'GetModuleFileNameW', 'CloseHandle']}, {'name': b'USER32.dll', 'functions': ['SendMessageA', 'FindWindowExA']}, {'name': b'ADVAPI32.dll', 'functions': ['RegQueryValueExA', 'RegCloseKey', 'RegSetValueExW', 'RegOpenKeyExA']}, {'name': b'SHELL32.dll', 'functions': ['SHGetSpecialFolderPathW', 'ShellExecuteW']}, {'name': b'MSVCRT.dll', 'functions': ['_controlfp', '_except_handler3', '__set_app_type', 'memset', '__CxxFrameHandler', 'strlen', 'sprintf', 'memcpy', 'strcpy', 'strcat', '_mbsnbcpy', '_mbsnbcmp', 'atol', '_mbscmp', 'atoi', 'fclose', 'fwrite', 'fopen', 'strstr', 'wcslen', 'wcstombs', 'setlocale', 'wcscmp', 'wcscat', 'mbstowcs', 'wcsrchr', 'wcscpy', 'getenv', 'strcmp', 'time', 'free', '__dllonexit', '_onexit', '_exit', '_XcptFilter', 'exit', '_acmdln', '__getmainargs', '_initterm', '__setusermatherr', '_adjust_fdiv', '__p__commode', '__p__fmode', '_strnicmp']}, {'name': b'WININET.dll', 'functions': ['HttpAddRequestHeadersA', 'HttpOpenRequestA', 'HttpEndRequestA', 'InternetWriteFile', 'HttpSendRequestA', 'InternetReadFile', 'HttpQueryInfoA', 'InternetAttemptConnect', 'InternetCloseHandle', 'InternetConnectA', 'InternetOpenA', 'HttpSendRequestExA']}, {'name': b'WS2_32.dll', 'functions': ['gethostbyname', 'inet_ntoa', 'WSAStartup', 'gethostname']}]",Tue Sep 28 08:09:41 2010 UTC
34,8442AE37B91F279A9F06DE4C60B286A3,"[['IMAGE_SECTION_HEADER', '0x1000', '0x5000', 0], ['IMAGE_SECTION_HEADER', '0x6000', '0x1000', 3584], ['IMAGE_SECTION_HEADER', '0x7000', '0x1000', 512]]","[{'name': b'KERNEL32.DLL', 'functions': ['LoadLibraryA', 'ExitProcess', 'GetProcAddress', 'VirtualProtect']}, {'name': b'MSVCRT.dll', 'functions': ['atol']}, {'name': b'USER32.dll', 'functions': ['LoadStringA']}, {'name': b'WS2_32.dll', 'functions': ['send']}]",Fri Jan 15 17:20:56 2010 UTC
35,AL65_DB05DF0498B59B42A8E493CF3C10C578,"[['IMAGE_SECTION_HEADER', '0x1000', '0x70000', 0], ['IMAGE_SECTION_HEADER', '0x71000', '0x54000', 342528], ['IMAGE_SECTION_HEADER', '0xc5000', '0x1000', 1024]]","[{'name': b'ADVAPI32.dll', 'functions': ['RegSaveKeyA']}, {'name': b'GDI32.dll', 'functions': ['BitBlt']}, {'name': b'KERNEL32.DLL', 'functions': ['LoadLibraryA', 'GetProcAddress', 'VirtualProtect']}, {'name': b'MSVCRT.dll', 'functions': ['free']}, {'name': b'NETAPI32.dll', 'functions': ['Netbios']}, {'name': b'ntdll.dll', 'functions': ['atoi']}, {'name': b'USER32.dll', 'functions': ['GetDC']}, {'name': b'WS2_32.dll', 'functions': ['WSAGetLastError']}]",Wed Oct 19 09:19:09 2011 UTC
36,GFT4_7DDD3D72EAD03C7518F5D47650C8572,"[['IMAGE_SECTION_HEADER', '0x1000', '0x248a', 9728], ['IMAGE_SECTION_HEADER', '0x4000', '0xa40', 3072], ['IMAGE_SECTION_HEADER', '0x5000', '0x3d2568', 1536], ['IMAGE_SECTION_HEADER', '0x3d8000', '0x408', 1536]]","[{'name': b'KERNEL32.dll', 'functions': ['GetModuleHandleA', 'GetWindowsDirectoryA', 'GetModuleFileNameA', 'CopyFileA', 'OutputDebugStringA', 'CreateProcessA', 'CreateMutexA', 'CreateThread', 'Sleep', 'LocalAlloc', 'CreateFileA', 'GetFileSize', 'ReadFile', 'LocalFree', 'GetLastError', 'GetStartupInfoA', 'CloseHandle']}, {'name': b'USER32.dll', 'functions': ['SendMessageA', 'FindWindowExA']}, {'name': b'ADVAPI32.dll', 'functions': ['OpenSCManagerA', 'CreateServiceA', 'ChangeServiceConfig2A', 'OpenServiceA', 'CloseServiceHandle', 'StartServiceA', 'QueryServiceStatus', 'RegisterServiceCtrlHandlerA', 'SetServiceStatus', 'StartServiceCtrlDispatcherA', 'RegOpenKeyExA', 'RegQueryValueExA', 'RegCloseKey']}, {'name': b'MSVCRT.dll', 'functions': ['_controlfp', 'memset', '__CxxFrameHandler', 'strlen', 'sprintf', 'memcpy', 'strcpy', 'strcat', '_mbsnbcpy', '_mbsnbcmp', 'atol', '_mbscmp', 'atoi', 'fclose', 'fwrite', 'fopen', 'strstr', 'getenv', 'strcmp', 'time', 'printf', 'free', '__dllonexit', '_onexit', '_exit', '_XcptFilter', 'exit', '_acmdln', '__getmainargs', '_initterm', '__setusermatherr', '_adjust_fdiv', '__p__commode', '__p__fmode', '__set_app_type', '_except_handler3', '_strnicmp']}, {'name': b'WININET.dll', 'functions': ['HttpAddRequestHeadersA', 'HttpOpenRequestA', 'HttpEndRequestA', 'InternetWriteFile', 'HttpSendRequestExA', 'InternetReadFile', 'HttpSendRequestA', 'InternetCloseHandle', 'InternetOpenA', 'InternetAttemptConnect', 'InternetConnectA', 'HttpQueryInfoA']}, {'name': b'WS2_32.dll', 'functions': ['gethostbyname', 'inet_ntoa', 'WSAStartup', 'gethostname']}]",Fri Aug 19 03:07:37 2011 UTC
37,99A39866A657A10949FCB6D634BB30D5,"[['IMAGE_SECTION_HEADER', '0x1000', '0x5000', 0], ['IMAGE_SECTION_HEADER', '0x6000', '0x1000', 4096], ['IMAGE_SECTION_HEADER', '0x7000', '0x1000', 512]]","[{'name': b'KERNEL32.DLL', 'functions': ['LoadLibraryA', 'ExitProcess', 'GetProcAddress', 'VirtualProtect']}, {'name': b'MSVCRT.dll', 'functions': ['atol']}, {'name': b'SHELL32.dll', 'functions': ['SHChangeNotify']}, {'name': b'USER32.dll', 'functions': ['LoadStringA']}, {'name': b'WS2_32.dll', 'functions': ['closesocket']}]",Sun Nov 18 23:50:13 2007 UTC
39,PL98_BD8B082B7711BC980252F988BB0CA936,"[['IMAGE_SECTION_HEADER', '0x1000', '0x70000', 0], ['IMAGE_SECTION_HEADER', '0x71000', '0x54000', 342528], ['IMAGE_SECTION_HEADER', '0xc5000', '0x1000', 1024]]","[{'name': b'ADVAPI32.dll', 'functions': ['RegSaveKeyA']}, {'name': b'GDI32.dll', 'functions': ['BitBlt']}, {'name': b'KERNEL32.DLL', 'functions': ['LoadLibraryA', 'GetProcAddress', 'VirtualProtect']}, {'name': b'MSVCRT.dll', 'functions': ['free']}, {'name': b'NETAPI32.dll', 'functions': ['Netbios']}, {'name': b'ntdll.dll', 'functions': ['atoi']}, {'name': b'USER32.dll', 'functions': ['GetDC']}, {'name': b'WS2_32.dll', 'functions': ['WSAGetLastError']}]",Wed Oct 19 09:19:09 2011 UTC
40,B98hX8E8622C393D7E832D39E620EAD5D3B49,"[['IMAGE_SECTION_HEADER', '0x1000', '0x50000', 0], ['IMAGE_SECTION_HEADER', '0x51000', '0x46000', 283648], ['IMAGE_SECTION_HEADER', '0x97000', '0x1000', 512]]","[{'name': b'ADVAPI32.dll', 'functions': ['RegSaveKeyA']}, {'name': b'GDI32.dll', 'functions': ['BitBlt']}, {'name': b'KERNEL32.DLL', 'functions': ['LoadLibraryA', 'ExitProcess', 'GetProcAddress', 'VirtualProtect']}, {'name': b'MSVCRT.dll', 'functions': ['_iob']}, {'name': b'NETAPI32.dll', 'functions': ['Netbios']}, {'name': b'PSAPI.DLL', 'functions': ['EnumProcessModules']}, {'name': b'USER32.dll', 'functions': ['GetDC']}, {'name': b'WS2_32.dll', 'functions': ['send']}]",Tue Apr 20 03:39:27 2010 UTC
